,DAU,MAU,
January,132,396,0.333333333
February,146,548,0.266423358
March,150,480,0.3125
April,162,330,0.490909091
May,177,440,0.402272727
June,190,360,0.527777778
